commodity,Average_Price,Price_Volatility,Minimum_Price,Maximum_Price,Days_Available
कुरीलो,490.4548387096771,437.24,266.67,2300.0,155
खुर्सानी हरियो(अकबरे),486.3585555555554,216.32,175.0,850.0,180
आभोकाडो,472.6811594202899,206.42,275.0,750.0,138
पार्सले,335.34859903381624,141.24,175.0,650.0,207
पुदीना,198.62819047619047,95.31,70.0,450.0,210
स्ट्रबेरी भुईऐसेलु,416.5656565656566,85.56,275.0,500.0,99
कागती,211.14734299516908,84.48,85.0,390.0,207
सजिवन,178.01456790123444,80.79,90.0,400.0,162
लप्सी,150.02988095238095,75.52,55.0,290.0,84
जुनार,173.7155,71.52,110.0,285.0,120
किवि,319.2819166666667,67.63,235.0,475.0,120
परवर(तराई),93.2470588235294,65.05,25.0,230.0,153
च्याउ(कन्य),179.13885714285712,65.04,60.0,290.0,210
अनार,378.05342857142864,60.64,300.0,475.0,210
हरियो धनिया,91.75730769230768,58.25,35.0,375.0,208
तितो करेला,94.45679425837325,57.83,15.0,210.0,209
लसुन हरियो,110.17789473684192,54.29,37.5,195.0,209
अमला,120.50961538461539,52.11,70.0,290.0,104
च्याउ(डल्ले),382.8878571428571,52.1,225.0,525.0,210
आँप(दसहरी),143.6764705882353,47.77,95.0,260.0,68
माछा सुकेको,893.435754189944,47.66,450.0,900.0,179
भटमासकोशा,131.34009090909092,47.64,80.0,325.0,110
खुर्सानी हरियो(बुलेट),87.10066985645932,47.17,17.0,280.0,209
कोइरालो,274.05384615384617,46.89,160.0,375.0,65
खुर्सानी हरियो(लाम्चो),93.18755980861246,46.07,27.0,290.0,209
छ्यापी हरियो,125.15486725663717,45.69,55.0,190.0,113
सेलरी,158.22663461538468,45.26,95.0,320.0,208
मटरकोशा,78.66375000000001,44.89,25.0,191.25,168
आँप(मालदह),122.41666666666667,41.77,63.75,225.0,63
रातो बन्दा,64.61942307692308,41.59,25.0,210.0,208
लसुन सुकेको चाइनिज,223.67555555555558,41.53,173.33,456.25,207
अंगुर(कालो),362.1619811320755,40.89,300.0,425.0,106
बोडी(तने),72.67856115107914,40.21,23.33,170.0,139
भिण्डी,81.21282296650718,40.08,25.0,155.0,209
लीच्ची(लोकल),212.4310416666667,40.04,95.0,290.0,48
अदुवा,120.2202380952381,38.81,70.0,225.0,210
गुन्दुक,307.7528571428569,37.1,230.0,376.67,210
घिउ सिमी(लोकल),78.5435885167464,36.83,15.0,205.0,209
रायो साग,52.63909523809524,36.72,16.25,225.0,210
लसुन सुकेको नेपाली,162.30113513513513,36.32,85.0,250.0,185
प्याज हरियो,83.17717703349281,35.58,35.0,190.0,209
खु्र्सानी सुकेको,425.048095238095,34.61,375.0,525.0,210
पालूगो साग,77.02147619047619,33.46,27.5,266.67,210
घिरौला,67.37796703296702,33.36,23.0,140.0,182
काक्रो(लोकल),73.79495238095238,32.1,25.0,162.5,210
भुई कटहर,177.4267149758454,31.98,135.0,240.0,207
जिरीको साग,85.86538461538461,29.5,35.0,175.0,208
ब्रोकाउली,74.65985436893203,29.1,20.0,136.25,206
घिउ सिमी(हाइब्रीड),68.88947368421053,29.02,25.0,140.0,209
अंगुर(हरियो),231.5948275862069,28.66,195.0,310.0,116
छ्यापी सुकेको,135.5101360544218,27.99,95.0,190.0,147
रुख कटहर,71.75732919254659,26.75,32.5,112.5,161
गान्टे मूला,60.0854358974359,26.65,43.33,225.0,195
सौफको साग,79.54063414634146,26.33,35.0,175.0,205
गोलभेडा सानो(टनेल),47.124814814814826,26.28,13.44,122.5,135
केरा(नेपाली),195.97099999999992,25.77,150.0,275.0,200
ताजा माछा(छडी),259.6309523809524,25.51,240.0,336.67,210
परवर(लोकल),56.57820754716981,25.31,25.0,226.67,106
टाटे सिमी,79.29469273743017,24.8,37.5,130.0,179
स्थानीय काउली(ज्यापु),64.89622950819673,24.35,29.5,130.0,122
तोरीको साग,43.025287958115186,24.12,16.75,175.0,191
नासपाती(चाइनिज),228.47713450292395,24.05,155.0,260.0,171
चमसूरको साग,72.99396907216494,23.96,25.0,125.0,194
गाजर(लोकल),63.36742857142857,23.89,25.0,115.0,210
सुन्तला(नेपाली),144.1571153846154,23.58,95.0,180.0,52
काउली स्थानिय,53.94385714285715,22.96,19.4,115.0,210
गाजर(तराई),45.00929487179488,22.4,17.5,95.0,156
बकूला,60.23157894736842,22.26,25.0,106.67,114
मेथीको साग,75.65746753246754,22.25,35.0,160.0,154
काक्रो(हाइब्रीड),35.95625,21.95,12.5,120.0,208
भेडे खु्र्सानी,81.82961904761905,21.57,36.25,160.0,210
घिउ सिमी(राजमा),98.9642,21.12,55.0,155.0,200
गोलभेडा ठूलो(नेपाली),59.475882352941184,20.86,33.0,110.0,85
चिचिण्डो,39.90739130434783,20.78,15.0,116.25,115
रुख टमाटर,254.21341463414635,20.45,220.0,290.0,82
तरबुजा(हरियो),59.84254807692308,20.39,32.5,95.0,208
गोलभेडा सानो(लोकल),35.17802955665026,20.09,6.67,102.5,203
गोलभेडा सानो(भारतीय),48.27442028985507,19.97,24.13,115.0,138
गोलभेडा सानो(तराई),52.21111888111888,19.64,22.5,113.86,143
लौका,55.62660287081339,19.52,13.75,105.0,209
पिंडालू,64.12822966507177,19.45,35.0,95.0,209
काउली तराई,45.89389473684211,19.37,20.0,95.0,95
फर्सी हरियो(लाम्चो),38.35517766497462,18.57,12.5,90.0,197
काक्रो(लोकलक्रस),55.23899999999999,18.5,20.0,140.0,160
मकै बोडी,59.49893805309735,18.35,28.75,95.0,113
सखरखण्ड,76.37965517241379,17.82,53.75,110.0,203
खुर्सानी हरियो(माछे),67.46405797101448,17.77,33.33,115.0,207
लीच्ची(भारतीय),291.02061224489796,17.76,260.0,326.67,49
झिगूनी,62.395348837209305,16.28,35.0,110.0,86
नासपाती(लोकल),96.61764705882354,16.27,75.0,117.5,17
भन्टा लाम्चो,46.665,15.92,13.75,85.0,210
भन्टा डल्लो,56.554,15.32,25.0,85.0,210
हरियो फर्सी(डल्लो),33.70433333333333,15.07,11.0,85.0,210
गोलभेडा ठूलो(भारतीय),77.67786585365853,14.99,36.5,122.5,164
सलगम,58.322784810126585,14.3,45.0,85.0,79
स्याउ(फूजी),287.8895215311005,13.7,265.0,325.0,209
स्कूस,55.01175879396985,13.56,27.5,90.0,199
तामा,131.49204761904764,13.39,115.0,150.0,210
बरेला,57.58147826086957,13.22,25.0,100.0,115
ताजा माछा(बचुवा),285.5952380952381,13.12,270.0,305.0,210
बन्दा(लोकल),41.42195238095238,12.21,20.0,70.0,210
न्यूरो,84.08510638297872,11.7,65.0,155.0,141
स्याउ(झोले),231.6546376811594,11.45,205.0,290.0,138
मूला रातो,33.13465648854963,11.22,17.5,140.0,131
मेवा(नेपाली),72.698,10.39,57.5,85.0,210
केरा(मालभोग),200.5,10.39,190.0,226.67,80
बन्दा(नरिवल),32.233799999999995,10.21,16.75,55.0,100
तरुल,69.26330357142857,10.16,45.0,106.67,112
मौसम,114.96268656716418,9.88,95.0,135.0,67
राजा च्याउ,294.5738571428571,9.09,290.0,328.0,210
मेवा(भारतीय),98.76201923076923,9.05,80.0,110.0,208
ग्याठ कोबी,58.00847457627118,8.69,45.0,77.5,118
बन्दा(तराई),35.20173913043478,8.59,17.5,51.0,69
रातो आलु(गोलो),34.45456790123457,8.55,20.75,50.78,81
आलु रातो(लाम्चो),29.196714285714286,8.5,17.5,50.0,210
चुकुन्दर,61.896328502415464,7.9,45.0,86.25,207
प्याज सुकेको (भारतीय),41.77209523809523,7.04,34.0,55.83,210
सुन्तला(भारतीय),144.03508771929825,6.84,135.0,160.0,57
आलु रातो(मुडे),39.000727272727275,6.74,23.0,51.56,55
फर्सी पाकेको,52.810761904761904,6.1,35.0,65.0,210
निबुवा,65.69783132530121,5.75,60.0,80.0,83
सिताके च्याउ,899.424619047619,5.45,850.0,925.0,210
तोफु,143.37300000000002,5.01,130.0,155.0,210
इमली,174.3372857142857,4.48,150.0,190.0,210
किनु,117.79546511627906,4.22,103.33,125.0,86
नरिवल(काँचो),70.625,3.97,65.0,75.0,68
आलु रातो(भारतीय),25.566318681318684,3.76,21.0,42.33,182
सेतो मूला(हाइब्रीड),20.35666666666667,3.46,14.0,31.67,204
नरिवल(हरियो),160.99541666666667,3.39,155.0,170.0,72
मूला सेतो(लोकल),15.54072072072072,2.7,12.5,25.0,111
आलु सेतो,30.375208333333337,2.4,24.67,36.25,48
ताजा माछा(रहु),330.6309523809524,2.13,325.0,335.0,210
ड्रागन फ्रुट(नेपाली),375.0,0.0,375.0,375.0,4
मकै(हरियो),45.0,0.0,45.0,45.0,9
शरीफा,190.0,0.0,190.0,190.0,3
हरियो मकै,22.5,,22.5,22.5,1
